model,seed,pollutant,horizon,RMSE,MAE,R2,sMAPE,n
persistence,,PM2.5,6,93.90119934082031,43.03852462768555,-0.049228436919870555,42.15486526489258,4459.0
persistence,,PM2.5,24,99.01581573486328,47.03803253173828,0.07405848690492212,43.836463928222656,4569.0
persistence,,PM2.5,72,105.13416290283203,56.0800666809082,-0.04311960183401342,54.257328033447266,4566.0
persistence,,PM10,6,130.32276916503906,77.54588317871094,-0.17530635540505002,48.48037338256836,3707.0
persistence,,PM10,24,124.98958587646484,75.37078094482422,0.38243793318511576,43.13914108276367,3807.0
persistence,,PM10,72,144.8756103515625,92.0087890625,0.17220116875481706,54.09199523925781,3797.0
persistence,,NO2,6,13.849297523498535,4.0290141105651855,0.6045382000151072,31.043737411499023,3702.0
persistence,,NO2,24,15.259916305541992,4.554609298706055,0.6135613467731238,34.116302490234375,3819.0
persistence,,NO2,72,18.57500648498535,5.707443714141846,0.4173253089527015,41.121543884277344,3817.0
persistence,,O3,6,10.050458908081055,3.3787901401519775,0.6728889318232185,36.78723907470703,3633.0
persistence,,O3,24,13.621150970458984,4.772158145904541,0.49002592302628667,45.55756378173828,3639.0
persistence,,O3,72,15.341530799865723,5.758396148681641,0.34144506898116966,53.82158660888672,3633.0
persistence,,CO,6,1.2763042449951172,0.5262070894241333,0.7771960758733205,30.06104278564453,3950.0
persistence,,CO,24,2.117769718170166,0.6823126673698425,0.37761325270199675,31.317720413208008,4017.0
persistence,,CO,72,2.9106533527374268,0.9122588634490967,-0.1982949444611355,38.389854431152344,4021.0
persistence,,SO2,6,22.168413162231445,4.564878463745117,0.28404649546234273,42.34562683105469,3871.0
persistence,,SO2,24,25.4533748626709,5.625589847564697,0.0703892420167348,44.606849670410156,3948.0
persistence,,SO2,72,32.299381256103516,7.269221782684326,-0.45086233507386764,52.63608169555664,3950.0
seasonal_naive,,PM2.5,6,90.59310150146484,41.90303039550781,0.023397050894523375,45.93860626220703,4459.0
seasonal_naive,,PM2.5,24,93.67051696777344,44.581199645996094,0.17133271178194853,43.01814270019531,4569.0
seasonal_naive,,PM2.5,72,102.1822280883789,53.29752731323242,0.014635085198747788,52.22550582885742,4566.0
seasonal_naive,,PM10,6,105.51609802246094,55.30921173095703,0.2295438683108766,43.48189926147461,3707.0
seasonal_naive,,PM10,24,122.86021423339844,74.21463775634766,0.40330080454182515,42.630104064941406,3807.0
seasonal_naive,,PM10,72,141.77853393554688,89.6727523803711,0.20721528480348672,52.29670333862305,3797.0
seasonal_naive,,NO2,6,15.162426948547363,4.021401882171631,0.5259911104551531,30.939462661743164,3702.0
seasonal_naive,,NO2,24,15.455636978149414,4.516112804412842,0.6035850051324234,33.6660270690918,3819.0
seasonal_naive,,NO2,72,17.959060668945312,5.527637481689453,0.45532741205097205,40.25597381591797,3817.0
seasonal_naive,,O3,6,10.034947395324707,3.852695941925049,0.673897851430209,41.4700813293457,3633.0
seasonal_naive,,O3,24,13.359411239624023,4.698288440704346,0.5094366103830331,45.47907257080078,3639.0
seasonal_naive,,O3,72,15.12753677368164,5.663228988647461,0.35968891685050575,53.193145751953125,3633.0
seasonal_naive,,CO,6,1.802314043045044,0.5118197798728943,0.5557009852586222,27.825397491455078,3950.0
seasonal_naive,,CO,24,2.137007236480713,0.6793702244758606,0.3662545495470998,31.050649642944336,4017.0
seasonal_naive,,CO,72,2.9490644931793213,0.904064416885376,-0.2301309014315951,37.53949737548828,4021.0
seasonal_naive,,SO2,6,25.558408737182617,4.126916408538818,0.048336850955440824,40.727386474609375,3871.0
seasonal_naive,,SO2,24,22.80315399169922,5.365408420562744,0.2538944690629932,43.39081954956055,3948.0
seasonal_naive,,SO2,72,29.733469009399414,6.801379680633545,-0.22950125036627278,50.730411529541016,3950.0
sarima,,PM2.5,6,79.95516967773438,39.89146423339844,0.23928697731579673,47.773338317871094,4459.0
sarima,,PM2.5,24,83.86502075195312,49.156532287597656,0.33574300250329325,52.12999725341797,4569.0
sarima,,PM2.5,72,86.73535919189453,53.85005187988281,0.29003206852970975,57.3827018737793,4566.0
sarima,,PM10,6,,,,,
sarima,,PM10,24,,,,,
sarima,,PM10,72,,,,,
sarima,,NO2,6,,,,,
sarima,,NO2,24,,,,,
sarima,,NO2,72,,,,,
sarima,,O3,6,,,,,
sarima,,O3,24,,,,,
sarima,,O3,72,,,,,
sarima,,CO,6,,,,,
sarima,,CO,24,,,,,
sarima,,CO,72,,,,,
sarima,,SO2,6,,,,,
sarima,,SO2,24,,,,,
sarima,,SO2,72,,,,,
lstm,42.0,PM2.5,6,67.98466491699219,35.263973236083984,0.4500164975441556,47.1265869140625,4459.0
lstm,42.0,PM2.5,24,77.9365234375,43.0968017578125,0.4263374792508443,46.85090255737305,4569.0
lstm,42.0,PM2.5,72,79.91160583496094,45.755653381347656,0.3973486686421963,49.353363037109375,4566.0
lstm,42.0,PM10,6,87.72886657714844,51.45515823364258,0.46740694046918485,45.989723205566406,3707.0
lstm,42.0,PM10,24,115.77165985107422,77.74991607666016,0.47016889463801603,47.66027069091797,3807.0
lstm,42.0,PM10,72,125.35980987548828,84.47208404541016,0.38020088622610193,51.32343292236328,3797.0
lstm,42.0,NO2,6,13.264087677001953,5.523001670837402,0.6372530338730715,71.50975799560547,3702.0
lstm,42.0,NO2,24,16.01189613342285,7.273082733154297,0.5745369765338146,78.58119201660156,3819.0
lstm,42.0,NO2,72,17.008119583129883,7.559621810913086,0.5114817065070727,80.2420425415039,3817.0
lstm,42.0,O3,6,12.864044189453125,6.717504024505615,0.46410641756436,70.66211700439453,3633.0
lstm,42.0,O3,24,15.692821502685547,7.385908126831055,0.3231030568701496,70.38520050048828,3639.0
lstm,42.0,O3,72,16.54482650756836,8.003149032592773,0.23408773540266414,73.99308776855469,3633.0
lstm,42.0,CO,6,2.0846691131591797,0.8128523826599121,0.40558648895612337,44.508914947509766,3950.0
lstm,42.0,CO,24,2.2989189624786377,1.0136394500732422,0.2665843314076941,46.61067581176758,4017.0
lstm,42.0,CO,72,2.410620927810669,1.0726076364517212,0.17805902082560565,49.534942626953125,4021.0
lstm,42.0,SO2,6,24.48842430114746,5.0647382736206055,0.12635043946440816,61.24675750732422,3871.0
lstm,42.0,SO2,24,25.901662826538086,6.879773139953613,0.037355956048780614,66.67816925048828,3948.0
lstm,42.0,SO2,72,26.647968292236328,7.151708602905273,0.012434303068786345,68.07303619384766,3950.0
lstm,43.0,PM2.5,6,68.6856689453125,35.092559814453125,0.4386160593958558,44.60459518432617,4459.0
lstm,43.0,PM2.5,24,78.0668716430664,43.179141998291016,0.4244169731153119,46.459312438964844,4569.0
lstm,43.0,PM2.5,72,81.09156799316406,46.818912506103516,0.37942004648113836,49.864585876464844,4566.0
lstm,43.0,PM10,6,85.50372314453125,50.78898620605469,0.49408159536363205,46.32063674926758,3707.0
lstm,43.0,PM10,24,114.18508911132812,77.00836944580078,0.4845913277747854,47.75076675415039,3807.0
lstm,43.0,PM10,72,122.41107177734375,82.52362060546875,0.40901607297550513,50.44286346435547,3797.0
lstm,43.0,NO2,6,14.196287155151367,5.363997936248779,0.5844736152335708,72.917236328125,3702.0
lstm,43.0,NO2,24,16.181678771972656,6.76797342300415,0.565466345500474,75.7679672241211,3819.0
lstm,43.0,NO2,72,17.212636947631836,7.2561445236206055,0.4996625353516617,79.03549194335938,3817.0
lstm,43.0,O3,6,13.23365592956543,6.88084077835083,0.43286929716688016,73.3193130493164,3633.0
lstm,43.0,O3,24,15.6364164352417,7.556767463684082,0.3279602725090158,70.50389862060547,3639.0
lstm,43.0,O3,72,16.433218002319336,8.204822540283203,0.24438636579153972,73.52821350097656,3633.0
lstm,43.0,CO,6,2.1822991371154785,0.8900085687637329,0.3486071718733589,45.9653205871582,3950.0
lstm,43.0,CO,24,2.2936604022979736,0.9983668923377991,0.26993572370978813,44.70893859863281,4017.0
lstm,43.0,CO,72,2.3956782817840576,1.068000078201294,0.1882172428839166,47.14128494262695,4021.0
lstm,43.0,SO2,6,25.072481155395508,5.001977443695068,0.08417980819676207,59.551273345947266,3871.0
lstm,43.0,SO2,24,25.76323890686035,6.5850605964660645,0.04761769769730484,63.118629455566406,3948.0
lstm,43.0,SO2,72,26.462247848510742,7.00372314453125,0.026151759812081066,66.65788269042969,3950.0
lstm,44.0,PM2.5,6,67.93905639648438,35.28629684448242,0.4507541101621776,45.79417419433594,4459.0
lstm,44.0,PM2.5,24,78.14180755615234,43.561397552490234,0.4233115503716245,46.618675231933594,4569.0
lstm,44.0,PM2.5,72,81.8331527709961,47.74863052368164,0.36801769130561635,50.386627197265625,4566.0
lstm,44.0,PM10,6,88.09113311767578,54.73949432373047,0.46299933983995323,48.1844596862793,3707.0
lstm,44.0,PM10,24,116.55239868164062,78.4609375,0.4629986519530067,48.242427825927734,3807.0
lstm,44.0,PM10,72,124.83568572998047,85.03948211669922,0.3853727405493106,51.60801315307617,3797.0
lstm,44.0,NO2,6,13.748086929321289,5.179664134979248,0.6102971547399709,70.77535247802734,3702.0
lstm,44.0,NO2,24,16.230764389038086,6.5774993896484375,0.5628260995439209,73.50431823730469,3819.0
lstm,44.0,NO2,72,17.390907287597656,6.972220420837402,0.48924493197449337,74.03679656982422,3817.0
lstm,44.0,O3,6,10.725008964538574,6.290962219238281,0.6275063797034122,80.30020904541016,3633.0
lstm,44.0,O3,24,13.73271369934082,6.891548156738281,0.48163795079685734,72.3358383178711,3639.0
lstm,44.0,O3,72,14.907824516296387,7.560965538024902,0.37815361228736566,71.04338073730469,3633.0
lstm,44.0,CO,6,2.1670994758605957,0.9747970104217529,0.3576494682460184,50.105594635009766,3950.0
lstm,44.0,CO,24,2.3050920963287354,1.1010353565216064,0.2626401198431437,49.56462860107422,4017.0
lstm,44.0,CO,72,2.4386661052703857,1.1985324621200562,0.1588228702624741,53.001617431640625,4021.0
lstm,44.0,SO2,6,25.098587036132812,5.162187576293945,0.08227161738106759,61.38202667236328,3871.0
lstm,44.0,SO2,24,25.832090377807617,6.554455280303955,0.042520445116445926,63.04940414428711,3948.0
lstm,44.0,SO2,72,26.53333282470703,6.9175848960876465,0.020912729090417637,66.25929260253906,3950.0
gru,42.0,PM2.5,6,67.34760284423828,34.310340881347656,0.46027566430235667,44.6699333190918,4459.0
gru,42.0,PM2.5,24,76.34696960449219,41.33841323852539,0.4494991429139339,44.430030822753906,4569.0
gru,42.0,PM2.5,72,79.24479675292969,45.64454650878906,0.4073641212934326,49.3375358581543,4566.0
gru,42.0,PM10,6,84.83628845214844,48.86719512939453,0.5019490812828684,44.20964431762695,3707.0
gru,42.0,PM10,24,110.04164123535156,73.62525939941406,0.5213180490433917,46.67327880859375,3807.0
gru,42.0,PM10,72,119.5624771118164,81.4695816040039,0.4362012352321617,50.68123245239258,3797.0
gru,42.0,NO2,6,13.74189281463623,5.042165279388428,0.6106482391996972,73.58492279052734,3702.0
gru,42.0,NO2,24,15.94867992401123,6.021973609924316,0.5778898629394702,73.33075714111328,3819.0
gru,42.0,NO2,72,16.7868709564209,6.965904712677002,0.5241087576334647,81.73702239990234,3817.0
gru,42.0,O3,6,12.777084350585938,6.2465434074401855,0.4713271844390836,76.23959350585938,3633.0
gru,42.0,O3,24,15.797836303710938,7.269880771636963,0.3140132859286384,71.3615951538086,3639.0
gru,42.0,O3,72,16.83236312866211,7.773156642913818,0.20723444259335122,73.2047348022461,3633.0
gru,42.0,CO,6,2.249814987182617,0.8804357647895813,0.3076783028238679,42.38190460205078,3950.0
gru,42.0,CO,24,2.335966110229492,1.0040433406829834,0.2427557769515164,44.233638763427734,4017.0
gru,42.0,CO,72,2.521244764328003,1.1137561798095703,0.10088996429686148,47.57415008544922,4021.0
gru,42.0,SO2,6,24.61323356628418,4.7513298988342285,0.11742227798899396,57.05794143676758,3871.0
gru,42.0,SO2,24,25.538400650024414,6.2078118324279785,0.06416814064491971,60.89069747924805,3948.0
gru,42.0,SO2,72,26.4403076171875,6.6146135330200195,0.027765956220148658,63.55911636352539,3950.0
gru,43.0,PM2.5,6,68.3500747680664,35.417701721191406,0.44408837645271526,46.561031341552734,4459.0
gru,43.0,PM2.5,24,76.2718734741211,42.06875991821289,0.45058153860095373,44.66284942626953,4569.0
gru,43.0,PM2.5,72,79.38858032226562,46.310752868652344,0.405211654858987,49.159122467041016,4566.0
gru,43.0,PM10,6,83.96976470947266,49.68865203857422,0.5120713113230702,47.00183868408203,3707.0
gru,43.0,PM10,24,108.71356964111328,71.65074920654297,0.5328025737496673,44.81078338623047,3807.0
gru,43.0,PM10,72,119.38125610351562,79.16607666015625,0.43790907976658144,48.40829849243164,3797.0
gru,43.0,NO2,6,13.683503150939941,4.87056303024292,0.6139499507973544,74.3790054321289,3702.0
gru,43.0,NO2,24,15.88811206817627,6.240931510925293,0.5810898466877916,74.74518585205078,3819.0
gru,43.0,NO2,72,16.95452117919922,6.998111724853516,0.5145558313747443,81.52849578857422,3817.0
gru,43.0,O3,6,13.258127212524414,6.660142421722412,0.43076989758268214,70.25537872314453,3633.0
gru,43.0,O3,24,16.05196762084961,7.855040073394775,0.2917655208643728,70.66295623779297,3639.0
gru,43.0,O3,72,17.020841598510742,8.641578674316406,0.18938121765567517,73.970947265625,3633.0
gru,43.0,CO,6,2.241154670715332,0.8947274684906006,0.31299797302419907,44.78275680541992,3950.0
gru,43.0,CO,24,2.3330328464508057,1.005136251449585,0.24465636117469702,43.05516815185547,4017.0
gru,43.0,CO,72,2.4673521518707275,1.07029390335083,0.13891686074827847,46.105873107910156,4021.0
gru,43.0,SO2,6,24.795806884765625,4.805527210235596,0.10428040290572649,60.35304641723633,3871.0
gru,43.0,SO2,24,25.739723205566406,6.25429105758667,0.049355397440779436,59.71867370605469,3948.0
gru,43.0,SO2,72,26.421390533447266,6.839669704437256,0.029156670176605726,65.81599426269531,3950.0
gru,44.0,PM2.5,6,67.37892150878906,34.179901123046875,0.45977347927175116,44.261749267578125,4459.0
gru,44.0,PM2.5,24,76.73651123046875,42.002689361572266,0.44386722921586963,44.550697326660156,4569.0
gru,44.0,PM2.5,72,80.09394073486328,47.23929214477539,0.394595449491425,50.22722625732422,4566.0
gru,44.0,PM10,6,83.48313903808594,48.77473068237305,0.5177103370639358,43.26129150390625,3707.0
gru,44.0,PM10,24,110.71073913574219,72.4625015258789,0.515479197976833,45.4591178894043,3807.0
gru,44.0,PM10,72,120.27049255371094,80.52265167236328,0.4295041413308349,49.72681427001953,3797.0
gru,44.0,NO2,6,13.313776016235352,5.0763750076293945,0.634530197405818,83.10755157470703,3702.0
gru,44.0,NO2,24,15.63138198852539,6.12687873840332,0.5945185021992454,73.95418548583984,3819.0
gru,44.0,NO2,72,16.97772979736328,6.940070629119873,0.5132258822001722,76.57855224609375,3817.0
gru,44.0,O3,6,12.18163776397705,6.297985553741455,0.5194540981690476,77.115478515625,3633.0
gru,44.0,O3,24,15.24893569946289,7.437862396240234,0.36085483294112675,76.17303466796875,3639.0
gru,44.0,O3,72,16.15346336364746,8.138151168823242,0.26989406729689414,81.72520446777344,3633.0
gru,44.0,CO,6,2.089398145675659,0.8324916958808899,0.4028866499793353,47.22962188720703,3950.0
gru,44.0,CO,24,2.249397039413452,0.9549888968467712,0.29784154681969943,42.12043380737305,4017.0
gru,44.0,CO,72,2.427180051803589,1.095070481300354,0.16672796162333414,47.91389846801758,4021.0
gru,44.0,SO2,6,24.88640785217285,4.827145099639893,0.09772268467327894,56.86449432373047,3871.0
gru,44.0,SO2,24,25.406692504882812,6.3383941650390625,0.07379595125500082,61.87961196899414,3948.0
gru,44.0,SO2,72,26.28565216064453,6.760656833648682,0.03910626031647901,65.39618682861328,3950.0
gru_d,42.0,PM2.5,6,69.31134033203125,36.944149017333984,0.42834189487024044,47.88291931152344,4459.0
gru_d,42.0,PM2.5,24,76.40607452392578,42.38675308227539,0.44864648035779664,45.84895706176758,4569.0
gru_d,42.0,PM2.5,72,80.28545379638672,46.437904357910156,0.39169680626743864,49.97674560546875,4566.0
gru_d,42.0,PM10,6,86.74954986572266,50.155670166015625,0.47923127980324676,43.91585159301758,3707.0
gru_d,42.0,PM10,24,108.54969024658203,72.20903015136719,0.5342100567562009,45.59123229980469,3807.0
gru_d,42.0,PM10,72,118.79597473144531,80.99132537841797,0.4434069639173437,50.41120147705078,3797.0
gru_d,42.0,NO2,6,13.826000213623047,4.6166276931762695,0.605867559078854,65.80934143066406,3702.0
gru_d,42.0,NO2,24,16.20640754699707,5.852057456970215,0.5641371515652616,65.01220703125,3819.0
gru_d,42.0,NO2,72,17.044279098510742,6.852088928222656,0.5094022783232774,72.8064956665039,3817.0
gru_d,42.0,O3,6,8.229639053344727,4.721048831939697,0.7806765739118013,82.0570068359375,3633.0
gru_d,42.0,O3,24,11.962028503417969,5.377018928527832,0.6066944119336561,64.74418640136719,3639.0
gru_d,42.0,O3,72,13.260629653930664,6.083887577056885,0.5079798753376132,69.42938232421875,3633.0
gru_d,42.0,CO,6,1.8833750486373901,0.6385856866836548,0.5148366364091276,36.89503860473633,3950.0
gru_d,42.0,CO,24,2.0488293170928955,0.810352623462677,0.4174751189315813,40.583316802978516,4017.0
gru_d,42.0,CO,72,2.254960775375366,0.9579839110374451,0.2807815818056141,45.44807815551758,4021.0
gru_d,42.0,SO2,6,24.755474090576172,4.717103958129883,0.107191943993033,54.83195114135742,3871.0
gru_d,42.0,SO2,24,25.434497833251953,5.9866557121276855,0.07176758999626476,56.65379333496094,3948.0
gru_d,42.0,SO2,72,26.270061492919922,6.448424339294434,0.040245853581937885,60.60451889038086,3950.0
gru_d,43.0,PM2.5,6,68.56343078613281,35.853477478027344,0.4406124170199148,46.109466552734375,4459.0
gru_d,43.0,PM2.5,24,76.27355194091797,42.60713195800781,0.4505573953314854,46.04375076293945,4569.0
gru_d,43.0,PM2.5,72,80.8682632446289,48.50869369506836,0.3828331304644088,51.61354064941406,4566.0
gru_d,43.0,PM10,6,84.4193115234375,49.77729797363281,0.5068329663661859,43.559574127197266,3707.0
gru_d,43.0,PM10,24,106.8910140991211,71.66100311279297,0.5483361405185312,45.37403869628906,3807.0
gru_d,43.0,PM10,72,118.69164276123047,82.24681854248047,0.4443842224331954,50.92511749267578,3797.0
gru_d,43.0,NO2,6,14.419692039489746,5.105372428894043,0.5712925971861029,67.52940368652344,3702.0
gru_d,43.0,NO2,24,16.759578704833984,6.387351989746094,0.5338749183478083,70.09724426269531,3819.0
gru_d,43.0,NO2,72,17.546226501464844,7.091165542602539,0.4800809583332365,76.73513793945312,3817.0
gru_d,43.0,O3,6,8.003252983093262,4.579311370849609,0.7925771316532566,65.20549011230469,3633.0
gru_d,43.0,O3,24,11.865492820739746,5.6129560470581055,0.6130168790474043,65.63824462890625,3639.0
gru_d,43.0,O3,72,13.232436180114746,6.451193809509277,0.5100697922598415,71.25602722167969,3633.0
gru_d,43.0,CO,6,1.9060029983520508,0.6700078845024109,0.503108500725717,36.4373664855957,3950.0
gru_d,43.0,CO,24,2.0922656059265137,0.8984363675117493,0.3925136224954465,42.91456604003906,4017.0
gru_d,43.0,CO,72,2.2526535987854004,0.9270785450935364,0.28225266076563293,43.630306243896484,4021.0
gru_d,43.0,SO2,6,24.620250701904297,4.676788330078125,0.11691900336382022,55.23320007324219,3871.0
gru_d,43.0,SO2,24,25.411500930786133,6.084280967712402,0.07344532206231746,58.20646286010742,3948.0
gru_d,43.0,SO2,72,26.187299728393555,6.5902018547058105,0.04628357660998683,62.536346435546875,3950.0
gru_d,44.0,PM2.5,6,68.7901840209961,35.179344177246094,0.4369062605377997,44.86935043334961,4459.0
gru_d,44.0,PM2.5,24,77.38088989257812,42.3939323425293,0.43448798243957487,45.82394027709961,4569.0
gru_d,44.0,PM2.5,72,80.67121887207031,46.592594146728516,0.38583701805747006,49.55257034301758,4566.0
gru_d,44.0,PM10,6,85.42313385009766,49.4553108215332,0.4950348363044269,43.881290435791016,3707.0
gru_d,44.0,PM10,24,107.58663940429688,69.5230484008789,0.5424383518538887,42.938236236572266,3807.0
gru_d,44.0,PM10,72,117.85739135742188,78.25926971435547,0.4521673484056863,47.674068450927734,3797.0
gru_d,44.0,NO2,6,13.233257293701172,4.702863693237305,0.6389373412052926,65.93475341796875,3702.0
gru_d,44.0,NO2,24,15.485283851623535,6.203989505767822,0.6020627138804,68.59769439697266,3819.0
gru_d,44.0,NO2,72,16.70168685913086,6.910053253173828,0.5289262286351197,73.47673034667969,3817.0
gru_d,44.0,O3,6,8.1226167678833,4.657118797302246,0.7863438357908966,66.38999938964844,3633.0
gru_d,44.0,O3,24,11.973522186279297,5.762099742889404,0.6059382056461893,64.55955505371094,3639.0
gru_d,44.0,O3,72,13.223188400268555,6.586668968200684,0.5107543330745226,70.19509887695312,3633.0
gru_d,44.0,CO,6,1.888525128364563,0.6596508026123047,0.5121796080052932,35.82524490356445,3950.0
gru_d,44.0,CO,24,2.057140350341797,0.8018284440040588,0.4127395820415033,38.655635833740234,4017.0
gru_d,44.0,CO,72,2.2509992122650146,0.9407019019126892,0.28330657218197386,43.78559112548828,4021.0
gru_d,44.0,SO2,6,24.632638931274414,4.892147541046143,0.11603006362580526,56.890892028808594,3871.0
gru_d,44.0,SO2,24,25.36074447631836,6.192762851715088,0.07714296539619692,58.84157943725586,3948.0
gru_d,44.0,SO2,72,26.144838333129883,6.680546283721924,0.0493739542689241,63.15837097167969,3950.0
dlinear,42.0,PM2.5,6,69.72543334960938,35.858116149902344,0.4214908506680305,50.113372802734375,4459.0
dlinear,42.0,PM2.5,24,80.3437271118164,45.30723190307617,0.3903530936623256,50.3296012878418,4569.0
dlinear,42.0,PM2.5,72,83.05587768554688,50.81016540527344,0.34899074122377294,54.183143615722656,4566.0
dlinear,42.0,PM10,6,84.884521484375,52.26144790649414,0.5013825577815516,47.332305908203125,3707.0
dlinear,42.0,PM10,24,108.55509948730469,74.08171081542969,0.534163621072862,46.28262710571289,3807.0
dlinear,42.0,PM10,72,119.1725082397461,81.71499633789062,0.43987311136824914,51.24108123779297,3797.0
dlinear,42.0,NO2,6,12.971513748168945,4.318975925445557,0.6530791945037843,65.97588348388672,3702.0
dlinear,42.0,NO2,24,13.929239273071289,5.6017937660217285,0.6780183989424242,87.0586929321289,3819.0
dlinear,42.0,NO2,72,15.285347938537598,6.300991535186768,0.6054346961662312,87.46673583984375,3817.0
dlinear,42.0,O3,6,8.644302368164062,4.2372636795043945,0.7580178189353096,60.60476303100586,3633.0
dlinear,42.0,O3,24,12.442159652709961,5.648370742797852,0.5744878181792775,82.06690216064453,3639.0
dlinear,42.0,O3,72,13.203595161437988,6.5901780128479,0.5122031277753363,82.08992767333984,3633.0
dlinear,42.0,CO,6,1.3561885356903076,0.545174777507782,0.7484325108225196,33.35142135620117,3950.0
dlinear,42.0,CO,24,1.996672511100769,0.7311986684799194,0.446756180171174,34.96575164794922,4017.0
dlinear,42.0,CO,72,2.555298089981079,0.8996349573135376,0.07643832629248593,39.73073196411133,4021.0
dlinear,42.0,SO2,6,18.72783088684082,4.570719242095947,0.48903568855947355,66.73211669921875,3871.0
dlinear,42.0,SO2,24,22.09758186340332,6.194912910461426,0.29935187661123386,58.879608154296875,3948.0
dlinear,42.0,SO2,72,27.44186782836914,7.372203350067139,-0.047285594817601195,65.68008422851562,3950.0
dlinear,43.0,PM2.5,6,70.34458923339844,36.79807662963867,0.4111709989932816,49.0059928894043,4459.0
dlinear,43.0,PM2.5,24,82.7492904663086,49.63178634643555,0.3532998309640407,52.05181884765625,4569.0
dlinear,43.0,PM2.5,72,84.02713775634766,51.811248779296875,0.33367590802617697,56.79430389404297,4566.0
dlinear,43.0,PM10,6,82.48591613769531,47.66065979003906,0.5291636397197266,44.673954010009766,3707.0
dlinear,43.0,PM10,24,108.14682006835938,74.08364868164062,0.5376610836410494,46.45016098022461,3807.0
dlinear,43.0,PM10,72,121.45980834960938,81.10091400146484,0.4181655161238722,50.48313903808594,3797.0
dlinear,43.0,NO2,6,13.025896072387695,4.536071300506592,0.6501642118717786,72.0232162475586,3702.0
dlinear,43.0,NO2,24,14.301370620727539,5.484805583953857,0.6605845628825351,74.54864501953125,3819.0
dlinear,43.0,NO2,72,15.219372749328613,6.440596103668213,0.6088334275159449,95.96263885498047,3817.0
dlinear,43.0,O3,6,9.110706329345703,4.651793956756592,0.7312010589031891,74.51333618164062,3633.0
dlinear,43.0,O3,24,12.820369720458984,6.508416652679443,0.5482256474052991,98.54173278808594,3639.0
dlinear,43.0,O3,72,13.617639541625977,6.576877593994141,0.4811303852654045,79.26512145996094,3633.0
dlinear,43.0,CO,6,1.3567134141921997,0.585554301738739,0.7482377159524571,41.87410354614258,3950.0
dlinear,43.0,CO,24,2.0197832584381104,0.7743829488754272,0.43387494495876244,36.506351470947266,4017.0
dlinear,43.0,CO,72,2.6361074447631836,0.9514989852905273,0.01710077763410356,43.64762496948242,4021.0
dlinear,43.0,SO2,6,18.859556198120117,4.686656475067139,0.48182246194908884,62.60367202758789,3871.0
dlinear,43.0,SO2,24,22.88620948791504,6.595268726348877,0.24844944938314617,62.687828063964844,3948.0
dlinear,43.0,SO2,72,28.235803604125977,7.7259955406188965,-0.10876148912369255,67.47511291503906,3950.0
dlinear,44.0,PM2.5,6,71.45872497558594,37.24907684326172,0.39237127085316803,50.93709182739258,4459.0
dlinear,44.0,PM2.5,24,79.59977722167969,44.884010314941406,0.40159095877553275,48.82069396972656,4569.0
dlinear,44.0,PM2.5,72,83.58064270019531,49.85798645019531,0.340738359108834,53.9351806640625,4566.0
dlinear,44.0,PM10,6,84.88379669189453,49.57685470581055,0.501391107529924,46.17671203613281,3707.0
dlinear,44.0,PM10,24,107.7493667602539,72.32971954345703,0.5410531313932134,46.55593490600586,3807.0
dlinear,44.0,PM10,72,119.9970474243164,82.1238021850586,0.43209534513167713,50.847042083740234,3797.0
dlinear,44.0,NO2,6,13.286378860473633,4.488192558288574,0.6360327664905443,69.58867645263672,3702.0
dlinear,44.0,NO2,24,14.702681541442871,5.6103973388671875,0.64126858473409,71.67828369140625,3819.0
dlinear,44.0,NO2,72,15.386356353759766,6.331555366516113,0.6002027221263436,89.29527282714844,3817.0
dlinear,44.0,O3,6,9.353803634643555,5.059080600738525,0.7166651791927017,94.76677703857422,3633.0
dlinear,44.0,O3,24,12.10205364227295,5.78181791305542,0.5974325667081721,76.4001693725586,3639.0
dlinear,44.0,O3,72,13.776421546936035,6.895105361938477,0.46895974923114914,89.35964965820312,3633.0
dlinear,44.0,CO,6,1.3971670866012573,0.5587213039398193,0.7330001108475972,34.336097717285156,3950.0
dlinear,44.0,CO,24,2.0674657821655273,0.7962895631790161,0.4068294722262219,39.061824798583984,4017.0
dlinear,44.0,CO,72,2.633330821990967,1.0601438283920288,0.019170332627221898,46.068416595458984,4021.0
dlinear,44.0,SO2,6,19.43343162536621,4.8647565841674805,0.4498075532027799,64.09063720703125,3871.0
dlinear,44.0,SO2,24,23.35149383544922,6.4654412269592285,0.2175803605493003,61.58539581298828,3948.0
dlinear,44.0,SO2,72,27.888587951660156,7.52965784072876,-0.0816602589667823,67.87548828125,3950.0
patchtst,42.0,PM2.5,6,73.75836181640625,41.526973724365234,0.3526333784547304,55.308013916015625,4459.0
patchtst,42.0,PM2.5,24,84.71846771240234,50.46841812133789,0.3221547239614012,58.00927734375,4569.0
patchtst,42.0,PM2.5,72,88.14070129394531,53.030418395996094,0.2668389543719776,59.39152908325195,4566.0
patchtst,42.0,PM10,6,92.72076416015625,56.13866424560547,0.4050718824761296,51.54555892944336,3707.0
patchtst,42.0,PM10,24,123.80506896972656,82.3209228515625,0.3940877240667092,54.057823181152344,3807.0
patchtst,42.0,PM10,72,128.1111602783203,86.26482391357422,0.3526961341346623,55.09574508666992,3797.0
patchtst,42.0,NO2,6,22.555368423461914,10.517182350158691,-0.04893572954452652,96.01276397705078,3702.0
patchtst,42.0,NO2,24,24.049625396728516,12.447489738464355,0.040173041268074194,101.69292449951172,3819.0
patchtst,42.0,NO2,72,24.11175537109375,12.499690055847168,0.018193558705741797,102.54077911376953,3817.0
patchtst,42.0,O3,6,19.739307403564453,13.124290466308594,-0.2617906267301635,106.58397674560547,3633.0
patchtst,42.0,O3,24,21.175960540771484,12.918500900268555,-0.2325560579778454,104.34053802490234,3639.0
patchtst,42.0,O3,72,21.293630599975586,13.134539604187012,-0.26868571148007825,103.05514526367188,3633.0
patchtst,42.0,CO,6,2.8600118160247803,1.4021259546279907,-0.11879379418475522,70.97518920898438,3950.0
patchtst,42.0,CO,24,2.77005934715271,1.4499595165252686,-0.0648319317581767,67.05225372314453,4017.0
patchtst,42.0,CO,72,2.825596570968628,1.4938616752624512,-0.12928380810760176,68.0709457397461,4021.0
patchtst,42.0,SO2,6,26.27652359008789,6.1744585037231445,-0.005892142480254714,81.55577850341797,3871.0
patchtst,42.0,SO2,24,27.067928314208984,7.459587097167969,-0.051285084612121334,75.60771942138672,3948.0
patchtst,42.0,SO2,72,27.47279167175293,7.567636489868164,-0.04964734398719983,76.2774429321289,3950.0
patchtst,43.0,PM2.5,6,76.11759185791016,42.1944580078125,0.3105578091346758,54.84270477294922,4459.0
patchtst,43.0,PM2.5,24,85.51868438720703,51.04734420776367,0.3092889244901057,56.6732177734375,4569.0
patchtst,43.0,PM2.5,72,88.74485778808594,53.84136199951172,0.2567536832842262,66.14205932617188,4566.0
patchtst,43.0,PM10,6,95.87427520751953,56.22954177856445,0.3639157459259702,51.51889419555664,3707.0
patchtst,43.0,PM10,24,120.27674102783203,80.10148620605469,0.42813139321337923,52.32651901245117,3807.0
patchtst,43.0,PM10,72,128.96884155273438,85.80183410644531,0.34399990028398286,56.126956939697266,3797.0
patchtst,43.0,NO2,6,20.30275535583496,9.808769226074219,0.1501173240304886,100.5837173461914,3702.0
patchtst,43.0,NO2,24,21.655271530151367,11.539314270019531,0.22177794449508614,111.5066909790039,3819.0
patchtst,43.0,NO2,72,21.97938346862793,12.00784683227539,0.18417075113923354,114.55377197265625,3817.0
patchtst,43.0,O3,6,17.836164474487305,11.51748275756836,-0.030211654731777227,107.44699096679688,3633.0
patchtst,43.0,O3,24,19.59558868408203,11.443852424621582,-0.055448613001017,104.55555725097656,3639.0
patchtst,43.0,O3,72,19.546682357788086,11.31164836883545,-0.06905664682343882,104.7326431274414,3633.0
patchtst,43.0,CO,6,2.7955398559570312,1.3499774932861328,-0.06892130273723218,70.10734558105469,3950.0
patchtst,43.0,CO,24,2.7846763134002686,1.4576849937438965,-0.076099208769137,65.77247619628906,4017.0
patchtst,43.0,CO,72,2.776860475540161,1.4671094417572021,-0.09066379449469375,66.85920715332031,4021.0
patchtst,43.0,SO2,6,26.248069763183594,6.338228702545166,-0.003714767012733544,80.27693939208984,3871.0
patchtst,43.0,SO2,24,26.937101364135742,7.533371448516846,-0.041147185303485045,75.9642562866211,3948.0
patchtst,43.0,SO2,72,27.475805282592773,7.852229595184326,-0.0498776039688511,80.55574035644531,3950.0
patchtst,44.0,PM2.5,6,73.9397964477539,41.612266540527344,0.34944467163482384,56.78154373168945,4459.0
patchtst,44.0,PM2.5,24,82.7908706665039,50.491519927978516,0.352649823043064,57.18539810180664,4569.0
patchtst,44.0,PM2.5,72,85.6473617553711,53.31564712524414,0.30773188959774744,58.7322998046875,4566.0
patchtst,44.0,PM10,6,92.714111328125,57.63311767578125,0.4051573052895613,52.19575119018555,3707.0
patchtst,44.0,PM10,24,122.2552719116211,83.47100830078125,0.4091624581040485,52.99626541137695,3807.0
patchtst,44.0,PM10,72,128.88038635253906,89.91148376464844,0.34489950495152344,56.887699127197266,3797.0
patchtst,44.0,NO2,6,24.682235717773438,10.536493301391602,-0.2560821745097923,100.20966339111328,3702.0
patchtst,44.0,NO2,24,24.95366859436035,11.804914474487305,-0.03334429452560683,101.74549865722656,3819.0
patchtst,44.0,NO2,72,25.105932235717773,11.826927185058594,-0.06443937786605769,101.27117919921875,3817.0
patchtst,44.0,O3,6,20.259498596191406,13.226232528686523,-0.3291710803417558,102.37226867675781,3633.0
patchtst,44.0,O3,24,22.144134521484375,13.595520973205566,-0.34783855816006937,100.00188446044922,3639.0
patchtst,44.0,O3,72,22.140962600708008,13.227347373962402,-0.37166344717637134,99.35327911376953,3633.0
patchtst,44.0,CO,6,2.901102066040039,1.4050862789154053,-0.15117251937246068,85.27899169921875,3950.0
patchtst,44.0,CO,24,2.7942209243774414,1.4609124660491943,-0.08348860034063144,82.29867553710938,4017.0
patchtst,44.0,CO,72,2.771010160446167,1.4435220956802368,-0.0860729591132523,79.18807983398438,4021.0
patchtst,44.0,SO2,6,25.99532127380371,6.447861671447754,0.01552210343766014,77.96855926513672,3871.0
patchtst,44.0,SO2,24,26.696292877197266,7.831360340118408,-0.022615446637898495,75.51419067382812,3948.0
patchtst,44.0,SO2,72,27.12665367126465,7.980493545532227,-0.02336425852809132,78.04450225830078,3950.0
two_stage_knn,42.0,PM2.5,6,67.00896453857422,34.8940544128418,0.4656896448475304,46.953338623046875,4459.0
two_stage_knn,42.0,PM2.5,24,75.57203674316406,41.43186569213867,0.460617697281104,47.728790283203125,4569.0
two_stage_knn,42.0,PM2.5,72,80.17103576660156,46.94874572753906,0.3934293286541891,51.289154052734375,4566.0
two_stage_knn,42.0,PM10,6,82.22368621826172,47.91511535644531,0.5321524674760478,46.15846252441406,3707.0
two_stage_knn,42.0,PM10,24,111.0797348022461,74.9981918334961,0.51224406794529,48.6835823059082,3807.0
two_stage_knn,42.0,PM10,72,120.41680145263672,84.06376647949219,0.42811530495443184,51.54311752319336,3797.0
two_stage_knn,42.0,NO2,6,13.352500915527344,5.223599433898926,0.6324010299312903,69.34129333496094,3702.0
two_stage_knn,42.0,NO2,24,15.025652885437012,6.268918514251709,0.6253351501319417,79.58061981201172,3819.0
two_stage_knn,42.0,NO2,72,15.835016250610352,7.1957783699035645,0.5765469867260586,91.19596862792969,3817.0
two_stage_knn,42.0,O3,6,10.7183837890625,6.048580169677734,0.6279664381304981,92.14612579345703,3633.0
two_stage_knn,42.0,O3,24,16.184118270874023,7.307329177856445,0.2800562081002659,69.5832748413086,3639.0
two_stage_knn,42.0,O3,72,17.42940902709961,8.3104887008667,0.14999795422370976,81.14588928222656,3633.0
two_stage_knn,42.0,CO,6,1.7148723602294922,0.7383212447166443,0.5977667015846743,45.66786575317383,3950.0
two_stage_knn,42.0,CO,24,2.0810129642486572,0.9527922868728638,0.3990305185191583,48.89960479736328,4017.0
two_stage_knn,42.0,CO,72,2.487668752670288,1.096838355064392,0.12467785796008501,51.43452835083008,4021.0
two_stage_knn,42.0,SO2,6,21.663894653320312,4.306087017059326,0.3162636455260589,68.31015014648438,3871.0
two_stage_knn,42.0,SO2,24,24.52150535583496,5.94630765914917,0.13721086152745487,58.5589485168457,3948.0
two_stage_knn,42.0,SO2,72,26.258533477783203,6.511139869689941,0.041087939684559704,67.25011444091797,3950.0
two_stage_knn,43.0,PM2.5,6,66.20572662353516,33.471370697021484,0.4784224291451561,45.86287307739258,4459.0
two_stage_knn,43.0,PM2.5,24,76.29562377929688,42.90040588378906,0.4502393573656981,47.774566650390625,4569.0
two_stage_knn,43.0,PM2.5,72,83.06462860107422,50.37922286987305,0.3488535845793933,54.98302459716797,4566.0
two_stage_knn,43.0,PM10,6,81.44519805908203,47.60775375366211,0.5409696848323805,44.778717041015625,3707.0
two_stage_knn,43.0,PM10,24,110.5048599243164,75.00508880615234,0.5172795567693258,47.17337417602539,3807.0
two_stage_knn,43.0,PM10,72,125.53256225585938,84.75432586669922,0.37849150440308543,51.819847106933594,3797.0
two_stage_knn,43.0,NO2,6,13.802398681640625,6.332002639770508,0.6072120252867137,76.64337921142578,3702.0
two_stage_knn,43.0,NO2,24,15.463184356689453,7.133432388305664,0.6031977241566535,79.80705261230469,3819.0
two_stage_knn,43.0,NO2,72,17.635787963867188,8.540616035461426,0.47475983434036284,85.08893585205078,3817.0
two_stage_knn,43.0,O3,6,11.013395309448242,6.062091827392578,0.6072050341912882,77.32418060302734,3633.0
two_stage_knn,43.0,O3,24,16.156272888183594,8.35982894897461,0.28253148133251305,81.38386535644531,3639.0
two_stage_knn,43.0,O3,72,17.68008804321289,9.591282844543457,0.12537191009559312,86.43523406982422,3633.0
two_stage_knn,43.0,CO,6,1.7488124370574951,0.7435666918754578,0.5816874764601025,45.8236083984375,3950.0
two_stage_knn,43.0,CO,24,2.088987350463867,0.9237872362136841,0.3944158260746823,49.47463607788086,4017.0
two_stage_knn,43.0,CO,72,2.46451473236084,1.042088508605957,0.14089620806932013,51.11227035522461,4021.0
two_stage_knn,43.0,SO2,6,21.617324829101562,4.216784477233887,0.31920011982998,53.666221618652344,3871.0
two_stage_knn,43.0,SO2,24,24.147010803222656,6.225862979888916,0.16336276565113217,61.43855285644531,3948.0
two_stage_knn,43.0,SO2,72,25.990604400634766,6.714385986328125,0.060556702796769724,65.29583740234375,3950.0
two_stage_knn,44.0,PM2.5,6,67.63365173339844,34.41643524169922,0.45568106356267324,46.77772903442383,4459.0
two_stage_knn,44.0,PM2.5,24,77.38633728027344,43.40203857421875,0.43440835925978716,49.78667068481445,4569.0
two_stage_knn,44.0,PM2.5,72,79.5993423461914,48.257938385009766,0.4020493633294391,52.330631256103516,4566.0
two_stage_knn,44.0,PM10,6,82.3939437866211,47.21803283691406,0.5302129813256322,44.16625213623047,3707.0
two_stage_knn,44.0,PM10,24,107.40711212158203,72.4743423461914,0.5439641254025949,46.522186279296875,3807.0
two_stage_knn,44.0,PM10,72,121.05654907226562,82.70106506347656,0.42202257321336945,50.30370330810547,3797.0
two_stage_knn,44.0,NO2,6,12.996339797973633,5.237156867980957,0.6517499746763886,85.7643814086914,3702.0
two_stage_knn,44.0,NO2,24,14.994026184082031,7.083873271942139,0.6269106721492181,81.7529296875,3819.0
two_stage_knn,44.0,NO2,72,16.49139976501465,7.986354827880859,0.5407139318480686,83.94913482666016,3817.0
two_stage_knn,44.0,O3,6,10.150895118713379,5.651576995849609,0.6663184473401347,77.90290069580078,3633.0
two_stage_knn,44.0,O3,24,14.831111907958984,7.384427547454834,0.3954003151248999,87.9819107055664,3639.0
two_stage_knn,44.0,O3,72,16.828510284423828,8.912036895751953,0.2075972911033762,88.0983657836914,3633.0
two_stage_knn,44.0,CO,6,1.6951907873153687,0.7583755254745483,0.6069465937087936,51.371620178222656,3950.0
two_stage_knn,44.0,CO,24,2.1130318641662598,0.9414320588111877,0.38039483409224906,48.20104217529297,4017.0
two_stage_knn,44.0,CO,72,2.5757505893707275,1.2074960470199585,0.06159487026824517,53.39725112915039,4021.0
two_stage_knn,44.0,SO2,6,21.79230308532715,5.057241439819336,0.30813414672699313,68.65663146972656,3871.0
two_stage_knn,44.0,SO2,24,23.63102149963379,6.652928352355957,0.19873642652065082,67.66313171386719,3948.0
two_stage_knn,44.0,SO2,72,26.301225662231445,7.329758167266846,0.037967459229856004,71.94400787353516,3950.0
two_stage_mice,42.0,PM2.5,6,67.33776092529297,34.51565170288086,0.4604333810379757,46.5208625793457,4459.0
two_stage_mice,42.0,PM2.5,24,76.03271484375,41.07931137084961,0.45402170645290063,46.04594802856445,4569.0
two_stage_mice,42.0,PM2.5,72,79.73673248291016,46.56202697753906,0.39998345687490033,50.054561614990234,4566.0
two_stage_mice,42.0,PM10,6,84.19107818603516,48.597347259521484,0.5094959329705702,45.78858184814453,3707.0
two_stage_mice,42.0,PM10,24,112.74251556396484,75.64009094238281,0.4975320971085605,48.65542221069336,3807.0
two_stage_mice,42.0,PM10,72,124.16893005371094,85.64745330810547,0.3919207590050834,51.82649612426758,3797.0
two_stage_mice,42.0,NO2,6,13.657271385192871,5.340517520904541,0.615428640847838,69.77391815185547,3702.0
two_stage_mice,42.0,NO2,24,14.92414665222168,6.373757362365723,0.6303801230673566,78.60393524169922,3819.0
two_stage_mice,42.0,NO2,72,16.03877067565918,7.778295516967773,0.5655794133070352,92.27078247070312,3817.0
two_stage_mice,42.0,O3,6,10.758899688720703,5.956583023071289,0.6251485663369377,90.46885681152344,3633.0
two_stage_mice,42.0,O3,24,16.09418296813965,7.4453558921813965,0.28803554521252994,69.73536682128906,3639.0
two_stage_mice,42.0,O3,72,17.48033905029297,8.336172103881836,0.14502330018854837,83.07982635498047,3633.0
two_stage_mice,42.0,CO,6,1.6959786415100098,0.7224422097206116,0.6065811483202396,42.71407699584961,3950.0
two_stage_mice,42.0,CO,24,2.1048848628997803,0.9676302671432495,0.3851635677814539,48.131927490234375,4017.0
two_stage_mice,42.0,CO,72,2.5529096126556396,1.1370636224746704,0.07816402035739134,53.7374382019043,4021.0
two_stage_mice,42.0,SO2,6,21.637117385864258,4.331892013549805,0.31795289447359487,67.7938003540039,3871.0
two_stage_mice,42.0,SO2,24,24.458900451660156,6.405729293823242,0.14161067184787401,62.352203369140625,3948.0
two_stage_mice,42.0,SO2,72,26.376840591430664,6.9921064376831055,0.03242792866975308,67.9668960571289,3950.0
two_stage_mice,43.0,PM2.5,6,67.10362243652344,34.943641662597656,0.46417898004720504,46.24355697631836,4459.0
two_stage_mice,43.0,PM2.5,24,76.71156311035156,43.269630432128906,0.4442287581396718,46.89878845214844,4569.0
two_stage_mice,43.0,PM2.5,72,82.2486343383789,49.94115447998047,0.3615839368487488,53.27702713012695,4566.0
two_stage_mice,43.0,PM10,6,82.7860107421875,49.02716827392578,0.5257313824375625,46.16014862060547,3707.0
two_stage_mice,43.0,PM10,24,112.80870056152344,76.64901733398438,0.4969419319703118,47.649227142333984,3807.0
two_stage_mice,43.0,PM10,72,129.11512756347656,86.864013671875,0.34251097395542274,52.440433502197266,3797.0
two_stage_mice,43.0,NO2,6,14.801136016845703,6.58906364440918,0.5483113589363456,80.21331024169922,3702.0
two_stage_mice,43.0,NO2,24,15.493958473205566,6.984109878540039,0.6016167704286369,81.36540222167969,3819.0
two_stage_mice,43.0,NO2,72,17.51285171508789,8.2592134475708,0.4820570234511937,88.39881896972656,3817.0
two_stage_mice,43.0,O3,6,11.791522979736328,6.50778865814209,0.5497400987437586,83.294189453125,3633.0
two_stage_mice,43.0,O3,24,16.46995735168457,8.426447868347168,0.25440075850533206,84.60505676269531,3639.0
two_stage_mice,43.0,O3,72,18.570730209350586,9.922819137573242,0.035032835912856664,88.63568115234375,3633.0
two_stage_mice,43.0,CO,6,1.771871566772461,0.7519456744194031,0.5705833403838898,43.17200469970703,3950.0
two_stage_mice,43.0,CO,24,2.1031229496002197,0.9545708298683167,0.38619253360804806,51.17437744140625,4017.0
two_stage_mice,43.0,CO,72,2.442369222640991,1.040256142616272,0.15626627628432055,51.8939323425293,4021.0
two_stage_mice,43.0,SO2,6,21.50058364868164,4.329176425933838,0.32653335518674886,55.971710205078125,3871.0
two_stage_mice,43.0,SO2,24,24.056581497192383,6.408778667449951,0.16961739440623325,63.72842025756836,3948.0
two_stage_mice,43.0,SO2,72,26.012271881103516,6.917022228240967,0.05898968503937696,66.21724700927734,3950.0
two_stage_mice,44.0,PM2.5,6,67.71702575683594,34.8456916809082,0.45433830970998157,46.86440658569336,4459.0
two_stage_mice,44.0,PM2.5,24,77.68553924560547,43.68794631958008,0.43002643853371636,49.76525115966797,4569.0
two_stage_mice,44.0,PM2.5,72,79.98577117919922,48.7144775390625,0.3962295481378898,52.47525405883789,4566.0
two_stage_mice,44.0,PM10,6,83.57746124267578,48.4167594909668,0.5166199267977265,45.192657470703125,3707.0
two_stage_mice,44.0,PM10,24,108.98328399658203,73.93026733398438,0.5304815372055321,48.209781646728516,3807.0
two_stage_mice,44.0,PM10,72,121.74138641357422,82.75833892822266,0.41546462470422774,50.22283935546875,3797.0
two_stage_mice,44.0,NO2,6,13.646592140197754,5.408401012420654,0.6160298634126203,83.75648498535156,3702.0
two_stage_mice,44.0,NO2,24,15.094120025634766,7.236746788024902,0.6219128736215812,84.64643859863281,3819.0
two_stage_mice,44.0,NO2,72,16.77912712097168,8.337056159973145,0.5245476497097041,86.166259765625,3817.0
two_stage_mice,44.0,O3,6,10.376693725585938,5.943376064300537,0.6513083865564888,84.28713989257812,3633.0
two_stage_mice,44.0,O3,24,14.936362266540527,7.437090873718262,0.3867887171387686,85.72354125976562,3639.0
two_stage_mice,44.0,O3,72,16.95569610595703,9.089157104492188,0.19557457672888556,87.12262725830078,3633.0
two_stage_mice,44.0,CO,6,1.7154343128204346,0.7663913369178772,0.5975030750232635,49.29507827758789,3950.0
two_stage_mice,44.0,CO,24,2.077747344970703,0.9255261421203613,0.4009151116012962,46.600563049316406,4017.0
two_stage_mice,44.0,CO,72,2.5516903400421143,1.2090016603469849,0.07904431807431289,54.069881439208984,4021.0
two_stage_mice,44.0,SO2,6,21.85184097290039,5.178496837615967,0.3043485787878355,69.35025787353516,3871.0
two_stage_mice,44.0,SO2,24,23.70560646057129,6.989269256591797,0.19367042982014515,66.6184310913086,3948.0
two_stage_mice,44.0,SO2,72,26.37572479248047,7.636474609375,0.03250969912959789,71.28531646728516,3950.0
two_stage_saits,42.0,PM2.5,6,66.07227325439453,33.50550079345703,0.4805230239213857,45.117164611816406,4459.0
two_stage_saits,42.0,PM2.5,24,76.57594299316406,42.51749038696289,0.44619213511499634,47.4497184753418,4569.0
two_stage_saits,42.0,PM2.5,72,80.76985168457031,47.546836853027344,0.3843343301923442,53.39159393310547,4566.0
two_stage_saits,42.0,PM10,6,81.15569305419922,47.20392990112305,0.5442271389622337,44.829647064208984,3707.0
two_stage_saits,42.0,PM10,24,110.7970962524414,72.07149505615234,0.5147230605750581,45.642974853515625,3807.0
two_stage_saits,42.0,PM10,72,121.329345703125,83.66726684570312,0.4194147500763451,52.29509353637695,3797.0
two_stage_saits,42.0,NO2,6,14.181095123291016,5.8602614402771,0.5853625001000762,74.70990753173828,3702.0
two_stage_saits,42.0,NO2,24,15.552901268005371,6.596987724304199,0.5985799281123947,72.18181610107422,3819.0
two_stage_saits,42.0,NO2,72,16.274578094482422,7.683928489685059,0.5527114858653634,80.85494995117188,3817.0
two_stage_saits,42.0,O3,6,9.825525283813477,5.463654041290283,0.6873668167622605,86.32685089111328,3633.0
two_stage_saits,42.0,O3,24,14.162102699279785,6.735052108764648,0.44871530142127225,67.79549407958984,3639.0
two_stage_saits,42.0,O3,72,16.73053550720215,8.35567855834961,0.216797123012769,86.11271667480469,3633.0
two_stage_saits,42.0,CO,6,1.7065869569778442,0.6889775395393372,0.6016441018426333,41.219146728515625,3950.0
two_stage_saits,42.0,CO,24,2.0296149253845215,0.8818026185035706,0.42835003946505656,42.53315734863281,4017.0
two_stage_saits,42.0,CO,72,2.471884250640869,1.0582165718078613,0.13575072947639766,46.27285385131836,4021.0
two_stage_saits,42.0,SO2,6,22.168371200561523,4.398475646972656,0.28404917695922394,67.8181381225586,3871.0
two_stage_saits,42.0,SO2,24,23.75234031677246,5.894876480102539,0.1904881450716246,58.30290222167969,3948.0
two_stage_saits,42.0,SO2,72,25.825620651245117,6.358969211578369,0.07244572276680605,61.34812927246094,3950.0
two_stage_saits,43.0,PM2.5,6,67.82975769042969,35.33036422729492,0.45251995049989535,45.9248046875,4459.0
two_stage_saits,43.0,PM2.5,24,76.61026000976562,44.38285827636719,0.44569566846594655,48.462860107421875,4569.0
two_stage_saits,43.0,PM2.5,72,83.05548095703125,50.581268310546875,0.348997065806832,53.96949005126953,4566.0
two_stage_saits,43.0,PM10,6,81.01933288574219,47.37245559692383,0.5457575439208788,44.0279655456543,3707.0
two_stage_saits,43.0,PM10,24,109.12154388427734,75.27518463134766,0.5292894526370983,48.171913146972656,3807.0
two_stage_saits,43.0,PM10,72,126.66939544677734,86.8172378540039,0.3671836665164002,52.0017204284668,3797.0
two_stage_saits,43.0,NO2,6,13.800695419311523,5.775366306304932,0.6073090034053731,76.86297607421875,3702.0
two_stage_saits,43.0,NO2,24,15.968719482421875,6.32552433013916,0.5768284523437451,74.31201934814453,3819.0
two_stage_saits,43.0,NO2,72,17.687570571899414,7.592085838317871,0.4716708327125466,80.12222290039062,3817.0
two_stage_saits,43.0,O3,6,11.450565338134766,5.956045150756836,0.5754025622658273,68.65602111816406,3633.0
two_stage_saits,43.0,O3,24,15.524410247802734,7.73807954788208,0.33755366168411294,80.6239013671875,3639.0
two_stage_saits,43.0,O3,72,18.94972801208496,9.779386520385742,-0.004755924447796822,85.01773834228516,3633.0
two_stage_saits,43.0,CO,6,1.6422770023345947,0.7160786986351013,0.631101225227777,38.35816955566406,3950.0
two_stage_saits,43.0,CO,24,2.0073654651641846,0.8435506224632263,0.4408146278591587,41.67474365234375,4017.0
two_stage_saits,43.0,CO,72,2.433706283569336,1.0237224102020264,0.16224100590691926,46.72056198120117,4021.0
two_stage_saits,43.0,SO2,6,21.093368530273438,4.093779563903809,0.3518022763932681,52.561092376708984,3871.0
two_stage_saits,43.0,SO2,24,22.969974517822266,5.927634239196777,0.24293805638760713,58.75156021118164,3948.0
two_stage_saits,43.0,SO2,72,25.799030303955078,6.754767417907715,0.07435478574159071,64.93505096435547,3950.0
two_stage_saits,44.0,PM2.5,6,67.77223205566406,34.60567092895508,0.4534482108944423,49.03004455566406,4459.0
two_stage_saits,44.0,PM2.5,24,75.74179077148438,43.07080078125,0.45819179479411576,47.410728454589844,4569.0
two_stage_saits,44.0,PM2.5,72,80.47447204589844,47.84487533569336,0.388829165901585,55.207847595214844,4566.0
two_stage_saits,44.0,PM10,6,82.0545654296875,46.518184661865234,0.5340750781405932,44.77900695800781,3707.0
two_stage_saits,44.0,PM10,24,108.48584747314453,69.71290588378906,0.534757773532757,45.08680725097656,3807.0
two_stage_saits,44.0,PM10,72,119.64189910888672,81.2629165649414,0.4354519524603888,50.248291015625,3797.0
two_stage_saits,44.0,NO2,6,13.396425247192383,5.2042036056518555,0.6299785610828132,66.49467468261719,3702.0
two_stage_saits,44.0,NO2,24,15.463997840881348,6.982297420501709,0.6031559814596159,75.31305694580078,3819.0
two_stage_saits,44.0,NO2,72,17.38017463684082,7.706718444824219,0.48987512038285375,87.89851379394531,3817.0
two_stage_saits,44.0,O3,6,9.431859016418457,5.362854957580566,0.7119167110401878,89.48309326171875,3633.0
two_stage_saits,44.0,O3,24,14.703983306884766,6.923250198364258,0.4057208538736683,83.96095275878906,3639.0
two_stage_saits,44.0,O3,72,16.81056785583496,8.169607162475586,0.20928609146497323,83.10472869873047,3633.0
two_stage_saits,44.0,CO,6,1.7852240800857544,0.7606786489486694,0.5640869881084672,40.14426803588867,3950.0
two_stage_saits,44.0,CO,24,1.952768087387085,0.8829498291015625,0.47081900146997047,42.84231185913086,4017.0
two_stage_saits,44.0,CO,72,2.5086774826049805,1.1989716291427612,0.1098309667617362,53.151458740234375,4021.0
two_stage_saits,44.0,SO2,6,21.73249626159668,4.4438700675964355,0.31192653601786613,56.381832122802734,3871.0
two_stage_saits,44.0,SO2,24,23.840106964111328,6.2529191970825195,0.18449464829366058,60.80411148071289,3948.0
two_stage_saits,44.0,SO2,72,26.152538299560547,6.88979434967041,0.04881388383190277,65.66407775878906,3950.0
proposed,42.0,PM2.5,6,66.78169250488281,34.634944915771484,0.4693079496386712,48.47214889526367,4459.0
proposed,42.0,PM2.5,24,77.1109848022461,42.883705139160156,0.4384261465655207,45.996334075927734,4569.0
proposed,42.0,PM2.5,72,80.73583221435547,47.39981460571289,0.3848528633289017,51.36892318725586,4566.0
proposed,42.0,PM10,6,85.0837631225586,51.08100509643555,0.49903910535433027,48.02376937866211,3707.0
proposed,42.0,PM10,24,109.83343505859375,73.43541717529297,0.523127753120993,46.747718811035156,3807.0
proposed,42.0,PM10,72,118.54255676269531,82.77098846435547,0.4457791664156454,51.17733383178711,3797.0
proposed,42.0,NO2,6,13.934677124023438,5.749528884887695,0.5996472098949706,70.8053970336914,3702.0
proposed,42.0,NO2,24,15.211820602416992,6.724823474884033,0.6159934224155621,73.0393295288086,3819.0
proposed,42.0,NO2,72,16.090192794799805,7.56641149520874,0.5627894124365511,81.1109390258789,3817.0
proposed,42.0,O3,6,10.249381065368652,5.734964370727539,0.659812141509025,86.483642578125,3633.0
proposed,42.0,O3,24,15.18273639678955,7.5358710289001465,0.3663920842619207,75.29978942871094,3639.0
proposed,42.0,O3,72,16.543224334716797,8.003965377807617,0.2342360902856433,81.3076171875,3633.0
proposed,42.0,CO,6,1.8299801349639893,0.7530249953269958,0.5419560860910477,43.892948150634766,3950.0
proposed,42.0,CO,24,2.082723379135132,0.9353154897689819,0.39804210406710716,46.753658294677734,4017.0
proposed,42.0,CO,72,2.634148359298706,1.154928207397461,0.018561207554387615,52.745723724365234,4021.0
proposed,42.0,SO2,6,22.131072998046875,4.3204851150512695,0.28645636141384323,66.00619506835938,3871.0
proposed,42.0,SO2,24,24.854236602783203,5.975947856903076,0.11363774925315251,59.388999938964844,3948.0
proposed,42.0,SO2,72,26.326017379760742,6.496993541717529,0.03615292959616223,63.4041862487793,3950.0
proposed,43.0,PM2.5,6,67.41936492919922,36.00590515136719,0.45912473242862106,46.16209411621094,4459.0
proposed,43.0,PM2.5,24,76.38495635986328,43.659114837646484,0.4489511237699748,47.51692199707031,4569.0
proposed,43.0,PM2.5,72,83.36527252197266,51.37624740600586,0.34413155992575517,54.823570251464844,4566.0
proposed,43.0,PM10,6,85.577392578125,50.55118179321289,0.4932094090242184,49.6505241394043,3707.0
proposed,43.0,PM10,24,110.09864807128906,75.03199768066406,0.5208219597752346,47.939937591552734,3807.0
proposed,43.0,PM10,72,123.32891845703125,84.82559967041016,0.4001203239939589,52.09315872192383,3797.0
proposed,43.0,NO2,6,13.850275039672852,6.100419044494629,0.6044824010473359,79.62580108642578,3702.0
proposed,43.0,NO2,24,15.456823348999023,6.515471458435059,0.6035241428135805,77.32793426513672,3819.0
proposed,43.0,NO2,72,17.486722946166992,7.668765068054199,0.48360138600524927,82.40763854980469,3817.0
proposed,43.0,O3,6,10.416888236999512,5.850801944732666,0.6486018246124462,77.19544982910156,3633.0
proposed,43.0,O3,24,14.572784423828125,7.278194904327393,0.4162786615802547,74.42900085449219,3639.0
proposed,43.0,O3,72,17.024192810058594,8.91411304473877,0.1890619802825675,81.68672180175781,3633.0
proposed,43.0,CO,6,1.813761591911316,0.7465375065803528,0.5500390671839915,43.19365692138672,3950.0
proposed,43.0,CO,24,2.069891929626465,0.8341912031173706,0.40543648865310467,43.41872787475586,4017.0
proposed,43.0,CO,72,2.506810188293457,1.0128073692321777,0.11115570730475344,48.19855499267578,4021.0
proposed,43.0,SO2,6,21.440065383911133,4.198932647705078,0.330319252432541,56.8829460144043,3871.0
proposed,43.0,SO2,24,24.174768447875977,6.1146979331970215,0.16143816664635946,60.27406311035156,3948.0
proposed,43.0,SO2,72,26.105022430419922,6.714465141296387,0.052267167417578864,64.25057983398438,3950.0
proposed,44.0,PM2.5,6,66.89004516601562,34.64738464355469,0.46758448733414526,45.661624908447266,4459.0
proposed,44.0,PM2.5,24,75.8702163696289,44.18495559692383,0.4563528962166835,49.10940933227539,4569.0
proposed,44.0,PM2.5,72,80.51590728759766,48.12870407104492,0.3881996011957678,54.026161193847656,4566.0
proposed,44.0,PM10,6,82.36288452148438,46.09480667114258,0.5305670678477417,43.04907989501953,3707.0
proposed,44.0,PM10,24,106.25715637207031,70.86466217041016,0.5536769917253108,46.462379455566406,3807.0
proposed,44.0,PM10,72,118.49320220947266,81.8508529663086,0.4462405191880623,50.457157135009766,3797.0
proposed,44.0,NO2,6,13.25600814819336,5.365488529205322,0.6376947960065622,74.44535827636719,3702.0
proposed,44.0,NO2,24,15.281622886657715,6.852959632873535,0.6124611537627145,72.96516418457031,3819.0
proposed,44.0,NO2,72,17.239362716674805,7.045673370361328,0.4981076097448641,77.32678985595703,3817.0
proposed,44.0,O3,6,9.06638240814209,5.312180995941162,0.7338101272352917,84.64555358886719,3633.0
proposed,44.0,O3,24,14.242918014526367,7.061898708343506,0.4424055805507813,88.37211608886719,3639.0
proposed,44.0,O3,72,16.04606819152832,8.022171974182129,0.2795699152470985,82.30674743652344,3633.0
proposed,44.0,CO,6,1.8551076650619507,0.806765079498291,0.529290851989241,42.26249313354492,3950.0
proposed,44.0,CO,24,2.1651618480682373,1.0083580017089844,0.3494454987501945,48.72148513793945,4017.0
proposed,44.0,CO,72,2.5807716846466064,1.2496492862701416,0.05793263115168401,55.89506530761719,4021.0
proposed,44.0,SO2,6,22.809194564819336,4.427910804748535,0.24205886459588621,56.311370849609375,3871.0
proposed,44.0,SO2,24,24.231056213378906,6.11211633682251,0.15752863751892277,61.329811096191406,3948.0
proposed,44.0,SO2,72,26.332304000854492,6.752540588378906,0.03569258567260081,64.04668426513672,3950.0
variant_B,42.0,PM2.5,6,66.893310546875,34.33185958862305,0.4675323954444789,48.183189392089844,4459.0
variant_B,42.0,PM2.5,24,76.64645385742188,42.49612045288086,0.4451717925914559,45.96426010131836,4569.0
variant_B,42.0,PM2.5,72,79.80533599853516,46.806724548339844,0.3989504829790589,50.94441604614258,4566.0
variant_B,42.0,PM10,6,85.6583251953125,51.803157806396484,0.49225041847098094,48.56436538696289,3707.0
variant_B,42.0,PM10,24,109.14349365234375,72.98338317871094,0.5291000963935009,46.33382797241211,3807.0
variant_B,42.0,PM10,72,119.15345764160156,83.55641174316406,0.440052184715612,51.49504470825195,3797.0
variant_B,42.0,NO2,6,13.717438697814941,5.764538764953613,0.6120327010494592,71.32508850097656,3702.0
variant_B,42.0,NO2,24,15.200188636779785,6.832052707672119,0.6165804817123534,73.94420623779297,3819.0
variant_B,42.0,NO2,72,16.15056800842285,7.707603454589844,0.5595021738320112,81.46244049072266,3817.0
variant_B,42.0,O3,6,11.852799415588379,6.2865118980407715,0.5450482325968053,88.80133056640625,3633.0
variant_B,42.0,O3,24,16.66431427001953,7.979530334472656,0.23669972003584805,76.98883056640625,3639.0
variant_B,42.0,O3,72,17.772693634033203,8.264820098876953,0.11618555624175975,83.85692596435547,3633.0
variant_B,42.0,CO,6,1.8874362707138062,0.7938677072525024,0.5127419617400625,45.91035461425781,3950.0
variant_B,42.0,CO,24,2.069392442703247,0.9071239829063416,0.4057234520406787,43.89619445800781,4017.0
variant_B,42.0,CO,72,2.5989561080932617,1.113771677017212,0.044609995408546266,49.127586364746094,4021.0
variant_B,42.0,SO2,6,21.979463577270508,4.258889198303223,0.29619918045928306,65.2298355102539,3871.0
variant_B,42.0,SO2,24,24.410484313964844,5.950864315032959,0.1450057509911249,59.37346649169922,3948.0
variant_B,42.0,SO2,72,26.16759490966797,6.568674564361572,0.047718300501774835,64.65850067138672,3950.0
variant_B,43.0,PM2.5,6,66.78175354003906,33.936317443847656,0.46930698892759126,45.647544860839844,4459.0
variant_B,43.0,PM2.5,24,75.95250701904297,43.099945068359375,0.4551730179450638,47.79541015625,4569.0
variant_B,43.0,PM2.5,72,82.1016616821289,50.23170471191406,0.363863515001539,53.834678649902344,4566.0
variant_B,43.0,PM10,6,85.72993469238281,49.97989273071289,0.4914011185759002,48.76844787597656,3707.0
variant_B,43.0,PM10,24,108.49563598632812,73.65555572509766,0.5346738321051829,47.8470573425293,3807.0
variant_B,43.0,PM10,72,121.48725891113281,84.37287902832031,0.4179025151287895,52.213497161865234,3797.0
variant_B,43.0,NO2,6,13.90658950805664,6.232615947723389,0.6012595320335852,77.42572021484375,3702.0
variant_B,43.0,NO2,24,15.620306015014648,6.816126823425293,0.595092905610012,75.80671691894531,3819.0
variant_B,43.0,NO2,72,18.20223617553711,8.14891242980957,0.4404772531019151,81.32310485839844,3817.0
variant_B,43.0,O3,6,12.077215194702148,6.935519695281982,0.5276573778095848,83.22142791748047,3633.0
variant_B,43.0,O3,24,16.37867546081543,7.936769962310791,0.2626426210203868,74.00794982910156,3639.0
variant_B,43.0,O3,72,18.6031436920166,9.654378890991211,0.03166130031466441,82.00218200683594,3633.0
variant_B,43.0,CO,6,1.8812062740325928,0.8398346304893494,0.5159533633927129,47.219276428222656,3950.0
variant_B,43.0,CO,24,2.077557325363159,0.8646001815795898,0.4010246880276823,45.1419563293457,4017.0
variant_B,43.0,CO,72,2.5112390518188477,1.0240182876586914,0.1080121794785035,48.699440002441406,4021.0
variant_B,43.0,SO2,6,21.317306518554688,4.265248775482178,0.33796612883679866,58.88146209716797,3871.0
variant_B,43.0,SO2,24,23.658645629882812,5.967963218688965,0.1968619823006309,60.36900329589844,3948.0
variant_B,43.0,SO2,72,25.820709228515625,6.552696704864502,0.07279850640841867,63.46583557128906,3950.0
variant_B,44.0,PM2.5,6,67.4365463256836,34.67560958862305,0.45884906172152384,46.343788146972656,4459.0
variant_B,44.0,PM2.5,24,75.4041748046875,43.60126495361328,0.4630113122792999,49.284645080566406,4569.0
variant_B,44.0,PM2.5,72,78.8627700805664,46.55656433105469,0.4130644721383101,53.829490661621094,4566.0
variant_B,44.0,PM10,6,83.08482360839844,46.226383209228516,0.522301514604725,42.99769592285156,3707.0
variant_B,44.0,PM10,24,105.53076171875,69.57991027832031,0.5597584048586843,45.545223236083984,3807.0
variant_B,44.0,PM10,72,117.52513885498047,80.7276611328125,0.45525177255607463,49.876949310302734,3797.0
variant_B,44.0,NO2,6,13.27796459197998,5.565234184265137,0.636493604004159,76.69136047363281,3702.0
variant_B,44.0,NO2,24,15.221026420593262,6.855660915374756,0.6155284679762087,74.17300415039062,3819.0
variant_B,44.0,NO2,72,17.151647567749023,6.94455099105835,0.5032019322754575,75.96589660644531,3817.0
variant_B,44.0,O3,6,10.144505500793457,5.88149881362915,0.6667384219650545,88.03300476074219,3633.0
variant_B,44.0,O3,24,15.250067710876465,7.413820743560791,0.3607598498247061,89.34719848632812,3639.0
variant_B,44.0,O3,72,16.69102668762207,8.15946102142334,0.22049174685708595,82.7259292602539,3633.0
variant_B,44.0,CO,6,1.898876667022705,0.8637985587120056,0.5068171948632452,44.321449279785156,3950.0
variant_B,44.0,CO,24,2.1432883739471436,0.9893801808357239,0.3625235531964537,46.56129455566406,4017.0
variant_B,44.0,CO,72,2.5779314041137695,1.2176052331924438,0.060005140394535195,54.372955322265625,4021.0
variant_B,44.0,SO2,6,22.51563262939453,4.402017593383789,0.26144321737474496,56.885284423828125,3871.0
variant_B,44.0,SO2,24,23.856306076049805,6.028977394104004,0.18338597314229443,60.89634704589844,3948.0
variant_B,44.0,SO2,72,26.011676788330078,6.701786518096924,0.05903281477600131,63.5772590637207,3950.0
proposed_md,42.0,PM2.5,6,66.24041748046875,34.7261962890625,0.4778757311678479,49.770790100097656,4459.0
proposed_md,42.0,PM2.5,24,77.30408477783203,43.05705642700195,0.4356099830104143,45.880889892578125,4569.0
proposed_md,42.0,PM2.5,72,80.46794891357422,46.55927658081055,0.388928127024745,50.36343765258789,4566.0
proposed_md,42.0,PM10,6,84.01119995117188,50.136539459228516,0.5115896506079991,47.28978729248047,3707.0
proposed_md,42.0,PM10,24,108.46041870117188,72.7375717163086,0.534975871719888,46.72571563720703,3807.0
proposed_md,42.0,PM10,72,117.5597915649414,82.04244232177734,0.45493047923933294,51.19752883911133,3797.0
proposed_md,42.0,NO2,6,13.694093704223633,5.478373050689697,0.6133521047140904,69.24781036376953,3702.0
proposed_md,42.0,NO2,24,15.06180191040039,6.687445640563965,0.6235301926530028,79.01215362548828,3819.0
proposed_md,42.0,NO2,72,16.214820861816406,7.197007656097412,0.5559901523590394,79.89871215820312,3817.0
proposed_md,42.0,O3,6,10.971735000610352,5.946191310882568,0.6101710684196798,88.00726318359375,3633.0
proposed_md,42.0,O3,24,15.796544075012207,7.549986362457275,0.3141255472859188,73.84461975097656,3639.0
proposed_md,42.0,O3,72,16.80585289001465,8.064582824707031,0.20972966390061665,85.50798034667969,3633.0
proposed_md,42.0,CO,6,1.8473533391952515,0.740832507610321,0.5332177244969876,44.22452163696289,3950.0
proposed_md,42.0,CO,24,2.1048424243927,0.9285694360733032,0.38518839790763004,44.78929901123047,4017.0
proposed_md,42.0,CO,72,2.555060386657715,1.08467698097229,0.07661008499788702,48.86211395263672,4021.0
proposed_md,42.0,SO2,6,22.4215030670166,4.3394999504089355,0.26760553242673024,66.29043579101562,3871.0
proposed_md,42.0,SO2,24,25.12921142578125,5.972726821899414,0.09391674251214954,60.21692657470703,3948.0
proposed_md,42.0,SO2,72,26.432506561279297,6.463996410369873,0.02833966973712254,64.84278106689453,3950.0
proposed_md,43.0,PM2.5,6,68.26004028320312,38.646724700927734,0.44555201978296255,50.87925720214844,4459.0
proposed_md,43.0,PM2.5,24,81.54376220703125,51.85637664794922,0.37200540776163116,54.161834716796875,4569.0
proposed_md,43.0,PM2.5,72,82.6904525756836,52.131927490234375,0.3547068001834377,56.81548309326172,4566.0
proposed_md,43.0,PM10,6,82.23099517822266,50.22291946411133,0.5320693594416515,49.233131408691406,3707.0
proposed_md,43.0,PM10,24,110.5177993774414,77.25410461425781,0.5171664995868138,49.685943603515625,3807.0
proposed_md,43.0,PM10,72,122.3664779663086,86.2628173828125,0.40944655533096375,52.574642181396484,3797.0
proposed_md,43.0,NO2,6,12.980856895446777,5.147776126861572,0.6525792663845507,71.07572174072266,3702.0
proposed_md,43.0,NO2,24,14.61607837677002,6.7939324378967285,0.6454822343407309,78.34320068359375,3819.0
proposed_md,43.0,NO2,72,16.475534439086914,8.263738632202148,0.541597191090712,82.8263168334961,3817.0
proposed_md,43.0,O3,6,10.57232666015625,5.6304426193237305,0.6380366368737331,73.82083129882812,3633.0
proposed_md,43.0,O3,24,14.745102882385254,6.948058128356934,0.40239247930104516,75.93634796142578,3639.0
proposed_md,43.0,O3,72,16.546438217163086,8.034062385559082,0.23393841780143065,88.2597885131836,3633.0
proposed_md,43.0,CO,6,1.8967498540878296,0.8358525633811951,0.5079213762523869,56.6305046081543,3950.0
proposed_md,43.0,CO,24,2.0894768238067627,0.8996090292930603,0.39413189897971124,45.346435546875,4017.0
proposed_md,43.0,CO,72,2.5392301082611084,1.1383051872253418,0.08801664932705278,51.160518646240234,4021.0
proposed_md,43.0,SO2,6,22.58848762512207,4.542499542236328,0.25665585160953797,60.4410514831543,3871.0
proposed_md,43.0,SO2,24,24.415069580078125,6.292050361633301,0.1446844696163313,60.36507034301758,3948.0
proposed_md,43.0,SO2,72,25.947601318359375,7.147803783416748,0.06366283601255551,68.01742553710938,3950.0
proposed_md,44.0,PM2.5,6,67.9292984008789,35.710514068603516,0.45091188027063445,49.61745834350586,4459.0
proposed_md,44.0,PM2.5,24,80.22498321533203,47.44803237915039,0.39215387563967263,49.32787322998047,4569.0
proposed_md,44.0,PM2.5,72,81.46025085449219,49.1763916015625,0.3737642570776838,52.68326950073242,4566.0
proposed_md,44.0,PM10,6,81.65513610839844,47.711456298828125,0.5386001351382934,45.54627990722656,3707.0
proposed_md,44.0,PM10,24,112.48908996582031,75.54106140136719,0.4997884227451447,48.44110107421875,3807.0
proposed_md,44.0,PM10,72,121.64817810058594,83.36255645751953,0.416359368215935,50.57390213012695,3797.0
proposed_md,44.0,NO2,6,13.608280181884766,5.747466564178467,0.6181827706850394,82.75609588623047,3702.0
proposed_md,44.0,NO2,24,15.353690147399902,6.919503211975098,0.6087973290757411,76.51681518554688,3819.0
proposed_md,44.0,NO2,72,17.013093948364258,7.82513427734375,0.5111959510436241,81.34132385253906,3817.0
proposed_md,44.0,O3,6,10.20241641998291,5.579657077789307,0.662922633414994,69.5024185180664,3633.0
proposed_md,44.0,O3,24,14.66454029083252,7.2679033279418945,0.40890486543932614,73.06124877929688,3639.0
proposed_md,44.0,O3,72,16.93690299987793,8.390442848205566,0.19735671262523158,81.9044189453125,3633.0
proposed_md,44.0,CO,6,1.7068841457366943,0.6684881448745728,0.6015053563601463,39.707889556884766,3950.0
proposed_md,44.0,CO,24,2.2339489459991455,0.9991479516029358,0.30745282984494804,50.366085052490234,4017.0
proposed_md,44.0,CO,72,2.536414861679077,1.1231374740600586,0.09003783706873025,54.51203155517578,4021.0
proposed_md,44.0,SO2,6,22.947933197021484,4.394628524780273,0.23281033480887792,59.8284797668457,3871.0
proposed_md,44.0,SO2,24,24.256851196289062,6.104434967041016,0.15573405934201467,61.81061935424805,3948.0
proposed_md,44.0,SO2,72,26.158567428588867,6.795964241027832,0.04837528081639486,66.64225769042969,3950.0
